compressed_size_bytes,compression_time_s,filter_col,format,min_col,query_name,result_value,rows,runs,select_col,selectivity,time_ms_median,time_ms_p95,variant
89467618,1.3403208979998453,column00,parquet,column03,selectivity,41790.8448726852,,7,column03,0.01,5.869048998647486,7.2135369991883636,parquet_zstd
89467618,1.3403208979998453,column00,parquet,column03,selectivity,41790.8448726852,,7,column03,0.1,5.787477999547264,5.944197999269818,parquet_zstd
89467618,1.3403208979998453,column00,parquet,column03,selectivity,41790.8448726852,,7,column03,0.25,5.970671998511534,6.116554999607615,parquet_zstd
89467618,1.3403208979998453,column00,parquet,column03,selectivity,41790.8448726852,,7,column03,0.5,6.934394999916549,8.068825000009383,parquet_zstd
89467618,1.3403208979998453,column00,parquet,column03,selectivity,41790.8448726852,,7,column03,0.9,8.113002999380114,18.622026000230107,parquet_zstd
89467618,1.3403208979998453,column00,parquet,column03,full_scan_min,41790.8448726852,,7,column03,,7.796367000992177,8.038915999350138,parquet_zstd
89467618,1.3403208979998453,column00,parquet,column03,random_access,41794.5472800926,,7,column03,,4.225352000503335,4.380553998998948,parquet_zstd
